"gc_content","RNA_type","RNA_region","exon_length","distance_to_junction","evolutionary_conservation","DNA_5mer"
0.358208955223881,"mRNA","3'UTR",11.0707918094231,8.64385618977473,0.391542288557214,"AAACA"
0.557213930348259,"mRNA","3'UTR",6.46488604872941,5.35755200461808,0.468159203980099,"AGACC"
0.577114427860697,"mRNA","CDS",7.82654848729092,6.20945336562895,0.785074626865672,"AGACC"
0.437810945273632,"mRNA","3'UTR",11.3810021095509,7.65821148275179,0.735323383084577,"AAACC"
0.552238805970149,"mRNA","3'UTR",10.4988492065317,9.97010589061218,0.00298507462686567,"TGACT"
0.393034825870647,"mRNA","CDS",6.93073733756289,4.16992500144231,0.399004975124378,"GGACT"
0.477611940298507,"mRNA","3'UTR",11.5801912572126,4.75488750216347,0.209452736318408,"GGACA"
0.537313432835821,"mRNA","3'UTR",10.5127404628035,7.98868468677217,0.144278606965174,"GAACC"
0.328358208955224,"mRNA","CDS",12.192138672151,7.51569983828404,0.152238805970149,"AAACC"
0.407960199004975,"lncRNA","intron",10.2252074369435,11.8004955004668,0.996517412935323,"AGACT"
0.36318407960199,"lncRNA","intron",9.84392105128904,9.39874369193819,0.979601990049751,"TGACA"
0.621890547263682,"mRNA","CDS",9.56985560833095,8.35755200461808,0.307462686567164,"GGACA"
0.641791044776119,"lncRNA","intron",0,7.20945336562895,0.0109452736318408,"CCAGC"
0.422885572139304,"mRNA","CDS",12.3960695576399,10.8328900141647,0.73134328358209,"AAACA"
0.398009950248756,"mRNA","CDS",10.7512650887622,4.70043971814109,0.489054726368159,"GAACT"
0.353233830845771,"mRNA","5'UTR",7.54109661534952,1,0.571144278606965,"GGACC"
0.447761194029851,"mRNA","3'UTR",12.9342437295386,8.92184093707449,0.00248756218905473,"GCAAG"
0.45273631840796,"mRNA","3'UTR",9.53138146051631,5.85798099512757,0.0835820895522388,"GAACT"
0.54228855721393,"mRNA","3'UTR",11.9404053687208,10.8305152069768,0.0626865671641791,"GGACT"
0.502487562189055,"lncRNA","intron",8.35755200461808,11.8989792046225,0.81592039800995,"AGACC"
0.686567164179104,"lncRNA","intron",0,8.4178525148859,0.273134328358209,"CGAGG"
0.477611940298507,"lncRNA","intron",10.7756102807595,14.8837410816768,0.465671641791045,"AAACT"
0.482587064676617,"mRNA","3'UTR",12.8669890903781,11.3525952311343,0.45273631840796,"TGACA"
0.442786069651741,"mRNA","3'UTR",11.728203975256,11.502334580198,0.225373134328358,"TGACT"
0.54228855721393,"mRNA","intron",12.2755425560867,9.39016895620018,0.00746268656716418,"GAACT"
0.487562189054726,"mRNA","CDS",10.3815429511846,6.62935662007961,0.427363184079602,"GGACT"
0.333333333333333,"mRNA","3'UTR",12.5179153929159,11.7988767681333,0.338805970149254,"AAACT"
0.582089552238806,"mRNA","3'UTR",7.62205181945638,2.32192809488736,0.572139303482587,"GGACA"
0.721393034825871,"mRNA","CDS",9.62497817956904,9.319672120947,0.581094527363184,"GGACC"
0.512437810945274,"lncRNA","intron",9.23840473932508,14.6081392908434,0.997512437810945,"GGACC"
0.582089552238806,"mRNA","CDS",7.97727992349992,6.35755200461808,0.860199004975124,"GGACT"
0.462686567164179,"mRNA","3'UTR",9.04712391211403,6.4093909361377,0.890049751243781,"GAACT"
0.402985074626866,"mRNA","CDS",6.82017896241519,4.08746284125034,0.650248756218905,"GGACA"
0.507462686567164,"mRNA","5'UTR",7.92124588858559,4.32192809488736,0.359203980099502,"ACATC"
0.472636815920398,"mRNA","3'UTR",11.0464419480073,11.6447575925163,0.729353233830846,"GAACT"
0.587064676616915,"mRNA","CDS",8.91288933622996,5.70043971814109,0.344776119402985,"AAACC"
0.482587064676617,"mRNA","3'UTR",9.89822347121556,7.38370429247405,0.140796019900498,"AAACC"
0.407960199004975,"mRNA","3'UTR",10.7241727501414,9.11374216604919,0.184577114427861,"AAACA"
0.661691542288557,"mRNA","CDS",7.18982455888002,5.97727992349992,0.586069651741294,"AGAGG"
0.383084577114428,"mRNA","3'UTR",11.4888443464573,11.0967151544885,0.392039800995025,"AGACA"
0.45771144278607,"mRNA","3'UTR",11.0620461377205,10.0620461377205,0.00646766169154229,"TAACC"
0.631840796019901,"mRNA","CDS",10.7670809250743,8.47167521439204,0.299004975124378,"GAACG"
0.592039800995025,"mRNA","3'UTR",11.2190172232001,7.62935662007961,0.758706467661692,"AGACC"
0.462686567164179,"mRNA","3'UTR",7.89481776330794,2.32192809488736,0.441791044776119,"GAACA"
0.45273631840796,"mRNA","3'UTR",6.97727992349992,5.49185309632967,0.599004975124378,"GGACT"
0.512437810945274,"mRNA","3'UTR",9.30606168942834,7.83920378809694,0.189054726368159,"AGACC"
0.527363184079602,"mRNA","intron",10.1885888457073,9.27379559921426,0.941293532338309,"AGACC"
0.368159203980099,"mRNA","CDS",6.53138146051631,4.08746284125034,0.545771144278607,"AGACC"
0.527363184079602,"mRNA","intron",0,6,0.0283582089552239,"AGACC"
0.562189054726368,"lncRNA","intron",0,16.9760382314633,0.026865671641791,"TGACT"
0.472636815920398,"mRNA","3'UTR",11.65999589243,10.7706638929168,0.295522388059701,"AAACA"
0.447761194029851,"mRNA","CDS",6.76818432477693,5.6724253419715,0.528855721393035,"TAACT"
0.681592039800995,"mRNA","CDS",7.52356195605701,6.04439411935845,0.534825870646766,"TGACA"
0.512437810945274,"mRNA","CDS",7.56478461878353,4.70043971814109,0.571144278606965,"GGACT"
0.810945273631841,"mRNA","5'UTR",7.78790255939143,6.82017896241519,0.03681592039801,"CCACC"
0.402985074626866,"mRNA","3'UTR",11.2937590096679,9.68123841177781,0.00149253731343284,"AGACA"
0.427860696517413,"mRNA","CDS",7.4797802640291,3,0.488059701492537,"GGACC"
0.482587064676617,"lncRNA","intron",10.1761731491075,14.1498264909481,0.337810945273632,"TGACT"
0.462686567164179,"mRNA","3'UTR",12.2644426002266,11.8997345423575,0.0189054726368159,"TGACT"
0.532338308457711,"mRNA","CDS",8.36741475124683,4.16992500144231,0.49452736318408,"TGACC"
0.412935323383085,"mRNA","3'UTR",9.03158634305783,5.12928301694497,0.453233830845771,"AAACC"
0.54726368159204,"mRNA","3'UTR",11.4145531148271,7.82017896241519,0.759203980099502,"GGACA"
0.393034825870647,"lncRNA","intron",9.66533591718518,15.6196755041694,0.544278606965174,"AAACA"
0.527363184079602,"mRNA","3'UTR",11.9578275608337,11.4640351521899,0.0208955223880597,"GAACT"
0.651741293532338,"mRNA","CDS",12.337343147274,6.16992500144231,0.40547263681592,"GGACT"
0.611940298507463,"mRNA","5'UTR",9.16490692667569,8.33091687811462,0.0393034825870647,"AAACT"
0.641791044776119,"mRNA","3'UTR",11.0694497674278,7.67948009950545,0.144776119402985,"GGACA"
0.507462686567164,"mRNA","3'UTR",11.7632123668144,10.7004397181411,0.0124378109452736,"GGACA"
0.587064676616915,"mRNA","3'UTR",12.0033422200861,10.6183855022586,0,"AGACA"
0.766169154228856,"mRNA","5'UTR",8.51569983828404,8.43462822763673,0,"GGACG"
0.373134328358209,"mRNA","3'UTR",6.14974711950468,2.58496250072116,0.393034825870647,"AGACA"
0.458563535911602,"mRNA","3'UTR",8.59058704991503,8.29920801838728,0.381592039800995,"GGACT"
0.492537313432836,"mRNA","3'UTR",7.4178525148859,5.58496250072116,0.73681592039801,"GGACA"
0.338308457711443,"mRNA","3'UTR",11.1264893859936,10.8634119589416,0.579601990049751,"TGACA"
0.502487562189055,"mRNA","CDS",7.09803208296053,3.32192809488736,0.569154228855721,"AAACT"
0.477611940298507,"mRNA","3'UTR",6.62935662007961,4.95419631038687,0.48955223880597,"AGACC"
0.522388059701492,"mRNA","3'UTR",12.7198166030181,12.6564248632778,0.0104477611940299,"GGACT"
0.671641791044776,"mRNA","CDS",8.31891934501502,4,0.549253731343284,"AGACT"
0.557213930348259,"mRNA","CDS",8.25738784269265,7.05528243550119,0.837810945273632,"GAACA"
0.407960199004975,"pseudogene","intron",9.35681874155737,7.09803208296053,0.981094527363184,"AGACA"
0.537313432835821,"mRNA","3'UTR",11.467223429821,8.29462074889163,0.0313432835820896,"TGACA"
0.717171717171717,"mRNA","5'UTR",5.97727992349992,4.4594316186373,0.136318407960199,"GGATT"
0.54726368159204,"mRNA","3'UTR",9.4908508767403,5.75488750216347,0.672636815920398,"AAACC"
0.462686567164179,"mRNA","CDS",7.29462074889163,6.02236781302845,0.772139303482587,"GGACA"
0.482587064676617,"lincRNA","intron",8.7279204545632,4.32192809488736,0.00746268656716418,"GAACA"
0.671641791044776,"mRNA","5'UTR",7.66177809777199,6.56985560833095,0.567164179104478,"GGACA"
0.771144278606965,"mRNA","CDS",8.25738784269265,7.16992500144231,0.951243781094527,"GCAGC"
0.417910447761194,"mRNA","CDS",11.9808536063797,10.5255208090951,0.998507462686567,"AGACA"
0.502487562189055,"mRNA","3'UTR",10.9336906549522,9.97584796800678,0.177114427860697,"AAACC"
0.572139303482587,"mRNA","3'UTR",11.2609195336629,6.75488750216347,0.00945273631840796,"TGACT"
0.407960199004975,"mRNA","CDS",7.43462822763672,5.04439411935845,0.614427860696518,"TAACC"
0.432835820895522,"mRNA","intron",12.6057109974109,12.7923836149352,0.990547263681592,"TGACT"
0.502487562189055,"mRNA","CDS",6.24792751344359,4.8073549220576,0.386567164179105,"GGACC"
0.393034825870647,"mRNA","3'UTR",10.9044464645057,7.90689059560852,0.587064676616915,"GGACT"
0.72636815920398,"mRNA","CDS",6.56985560833095,5.20945336562895,0.165174129353234,"AGACA"
0.661691542288557,"mRNA","CDS",9.1053847492476,4.75488750216347,0.601990049751244,"TGACC"
0.398009950248756,"mRNA","CDS",6.55458885167764,5.55458885167764,0.51592039800995,"TAACA"
0.507462686567164,"lncRNA","intron",0,14.6570392633122,0.340796019900498,"GCAGG"
0.388059701492537,"mRNA","3'UTR",13.2793203879426,7.4757334309664,0.0796019900497512,"AGACT"
0.592039800995025,"lncRNA","intron",7.53915881110803,5.4594316186373,0.259701492537313,"GAACC"
